id,group,sex,age,hbs20__1,hbs20__2,hbs20__3,hbs20__4,hbs20__5,hbs20__6,hbs20__7,hbs20__8,hbs20__9,hbs20__10,hbs20__11,hbs20__12,hbs20__13,hbs20__14,hbs20__15,hbs20__16,hbs20__17,hbs20__18,hbs20__19,hbs20__20,pec5__1,pec5__2,pec5__3,pec5__4,pec5__5,be8__1,be8__2,be8__3,be8__4,be8__5,be8__6,be8__7,be8__8,est10__1,est10__2,est10__3,est10__4,est10__5,est10__6,est10__7,est10__8,est10__9,est10__10,cli13__1,cli13__2,cli13__3,cli13__4,cli13__5,cli13__6,cli13__7,cli13__8,cli13__9,cli13__10,cli13__11,cli13__12,cli13__13,sou13__1,sou13__2,sou13__3,sou13__4,sou13__5,sou13__6,sou13__7,sou13__8,sou13__9,sou13__10,sou13__11,sou13__12,sou13__13,mot16__1,mot16__2,mot16__3,mot16__4,mot16__5,mot16__6,mot16__7,mot16__8,mot16__9,mot16__10,mot16__11,mot16__12,mot16__13,mot16__14,mot16__15,mot16__16,sho_1,sho_2,sho_3,sho_4,temps,fin_1,fin_2,fin_3,hbs_sco,pec_sco,be_sco,est_sco,cli_sco,sou_sco,mot_sco
21001,expérimental,garçon,16,3,2,2,1,4,4,5,2,4,3,3,5,2,5,1,3,5,5,5,5,2,1,3,2,3,3,1,4,4,4,6,5,3,2,3,3,1,3,1,4,2,3,3,4,4,3,3,4,2,4,4,3,4,3,4,3,4,4,4,4,3,5,3,2,4,2,3,3,3,3,6,6,7,4,6,6,6,4,5,6,7,4,5,7,7,6,3,1,4,temps 1,,,,3.45,2.2,3.75,2.5,3.46153846153846,3.38461538461538,5.5625
21002,expérimental,fille,15,3,3,2,5,5,5,3,3,5,3,1,4,5,5,3,5,4,5,1,3,5,5,5,4,5,7,5,1,7,1,1,7,7,3,2,1,3,1,1,4,1,3,3,4,5,3,5,5,3,4,5,5,5,3,5,3,1,1,1,1,1,5,1,1,5,1,1,1,1,1,5,7,7,1,7,4,5,1,7,7,3,7,7,1,7,4,1,1,2,temps 1,,,,3.65,4.8,4.5,2.2,4.23076923076923,1.61538461538462,4.8125
21003,expérimental,fille,16,5,4,4,3,5,4,5,4,3,4,5,5,1,4,1,2,5,5,4,4,4,3,2,1,5,3,2,4,7,1,4,7,4,4,3,4,2,3,3,4,3,1,4,3,4,2,4,3,3,3,3,3,4,3,4,2,5,5,4,4,3,5,3,4,4,4,4,4,4,4,4,4,7,3,5,4,7,2,5,6,4,1,5,2,7,3,5,4,2,temps 1,,,,3.85,3,4,3.1,3.15384615384615,4.07692307692308,4.375
21004,expérimental,fille,15,5,5,5,3,4,4,5,5,4,4,5,5,4,4,4,3,4,5,5,5,5,5,4,3,5,4,4,5,4,4,4,4,6,3,3,3,3,4,3,4,4,4,4,4,3,5,4,4,4,3,5,4,3,3,4,5,4,5,5,5,3,2,3,4,5,2,3,2,3,4,4,6,7,4,5,5,7,4,4,7,7,3,7,1,7,5,3,4,4,temps 1,,,,4.4,4.4,4.375,3.5,3.92307692307692,3.53846153846154,5.125
21005,expérimental,garçon,16,3,2,2,1,3,3,5,5,4,5,4,4,2,1,1,4,3,5,2,2,2,1,4,2,4,1,1,1,1,2,1,5,4,2,2,2,2,4,3,4,3,4,4,2,4,3,4,4,2,3,3,3,4,1,3,3,3,4,4,3,1,2,2,4,5,3,3,3,1,3,6,7,7,3,5,6,6,2,4,5,5,1,6,2,5,6,3,3,2,temps 1,,,,3.05,2.6,2,3,3,2.92307692307692,4.5625
21006,expérimental,garçon,15,4,4,5,5,3,3,5,5,5,5,5,5,3,5,3,3,5,5,5,3,5,5,5,5,5,4,4,4,4,4,4,7,7,2,2,3,2,3,2,4,2,2,4,5,2,5,5,5,2,3,2,3,2,2,2,2,5,5,5,5,5,5,2,5,5,5,5,5,5,3,7,3,7,3,7,7,7,3,3,7,5,3,7,5,5,4,1,1,3,temps 1,,,,4.3,5,4.75,2.6,3.07692307692308,4.76923076923077,5.125
21007,expérimental,fille,15,4,4,4,3,4,5,3,2,5,3,4,4,5,5,5,5,5,4,5,4,1,2,3,1,2,7,7,3,7,4,4,3,7,2,1,2,1,3,2,4,3,3,4,3,2,3,5,5,1,4,5,1,5,4,5,2,3,4,3,3,3,4,3,5,1,3,3,3,4,1,4,7,7,1,4,7,7,4,4,7,1,1,7,1,4,5,4,2,2,temps 1,,,,4.15,1.8,5.25,2.5,3.46153846153846,3.23076923076923,4.1875
21009,expérimental,fille,16,5,5,3,3,4,5,2,4,4,3,4,4,5,5,3,3,3,5,4,4,3,4,4,3,1,3,3,4,4,3,5,5,4,4,3,3,3,4,2,3,3,3,3,3,2,4,3,3,4,4,3,4,3,2,2,4,4,4,3,2,2,3,3,4,3,3,2,2,2,2,6,7,6,5,5,6,4,7,7,7,4,4,6,2,6,4,3,4,3,temps 1,,,,3.9,3,3.875,3.1,3.15384615384615,2.84615384615385,5.25
21010,expérimental,fille,15,3,3,5,4,5,5,3,4,3,4,4,5,3,4,4,3,5,4,5,3,2,3,4,3,4,4,2,4,5,3,4,5,6,2,1,2,1,3,1,4,3,3,4,4,4,3,4,4,3,4,4,2,4,3,4,2,3,2,3,4,4,3,4,2,5,2,3,2,3,4,7,4,7,3,6,2,6,4,3,3,6,4,6,6,7,4,3,2,4,temps 1,,,,3.95,3.2,4.125,2.4,3.46153846153846,3.07692307692308,4.875
21011,expérimental,fille,15,4,4,3,3,4,3,3,4,4,3,4,4,5,4,3,4,4,5,4,4,4,4,4,4,3,3,2,4,5,3,4,4,4,2,2,3,1,2,1,4,2,3,4,4,2,3,4,4,2,3,3,1,2,4,4,2,4,4,3,3,3,3,3,3,4,3,3,2,3,4,4,4,6,5,5,5,6,5,4,5,3,4,5,6,6,5,3,3,3,temps 1,,,,3.8,3.8,3.625,2.4,2.92307692307692,3.15384615384615,4.8125
21012,expérimental,fille,16,3,2,3,2,4,4,2,3,4,3,4,4,5,4,5,5,5,5,5,5,3,3,5,5,2,4,2,5,3,4,4,5,6,3,2,4,2,4,2,3,2,3,3,1,3,3,1,5,3,2,4,3,5,1,5,3,4,2,3,4,1,4,2,2,1,3,3,3,2,5,6,6,6,3,5,5,6,6,4,6,2,4,6,2,6,5,3,3,3,temps 1,,,,3.85,3.6,4.125,2.8,3,2.61538461538462,4.875
21013,expérimental,fille,15,4,5,4,3,4,3,5,3,4,3,3,5,5,5,2,4,4,1,3,3,5,5,5,5,5,1,1,1,1,1,2,4,1,3,3,4,3,4,3,3,1,3,3,3,1,4,4,4,4,2,4,4,4,4,4,3,1,3,4,3,1,3,5,1,5,3,2,2,2,1,6,7,7,4,7,7,7,1,6,7,6,2,7,1,3,4,3,3,3,temps 1,,,,3.65,5,1.5,3,3.46153846153846,2.69230769230769,4.9375
21016,expérimental,fille,16,4,4,3,4,3,5,2,4,4,3,4,4,5,4,4,4,5,3,5,4,3,3,5,3,3,2,2,4,6,3,6,4,5,2,2,3,1,3,1,4,2,3,3,5,4,3,4,4,2,3,2,2,3,4,4,4,4,4,3,3,3,4,1,2,4,2,2,4,4,4,4,4,4,4,4,4,7,1,4,4,7,4,4,7,4,3,3,3,5,temps 1,,,,3.9,3.4,4,2.4,3.38461538461538,3.07692307692308,4.375
21017,expérimental,fille,17,2,3,2,4,3,3,4,3,2,3,3,3,4,4,2,5,3,4,4,5,2,3,3,1,3,3,2,4,3,2,1,4,6,1,1,3,2,1,1,1,1,1,3,1,3,2,3,4,1,1,3,2,4,1,2,1,4,4,4,4,1,4,3,4,1,4,4,2,1,1,4,7,7,4,6,4,7,1,3,7,7,1,7,1,7,3,3,2,2,temps 1,,,,3.3,2.4,3.125,1.5,2.15384615384615,3.07692307692308,4.625
21018,expérimental,fille,15,1,3,3,4,3,1,2,3,2,1,1,3,2,3,3,3,5,5,5,4,2,3,2,1,2,3,4,1,7,4,4,4,7,2,1,1,1,3,1,4,4,4,3,5,4,3,5,4,1,4,5,1,2,1,3,1,1,1,1,1,1,2,3,3,5,1,4,1,2,3,5,3,4,1,2,1,2,1,4,4,7,1,6,1,2,5,5,1,3,temps 1,,,,2.85,2,4.25,2.4,3,2,2.9375
21019,expérimental,garçon,15,4,4,5,4,3,4,4,4,5,4,3,5,4,4,2,5,5,5,4,2,4,3,5,4,2,3,4,4,6,1,4,6,5,3,2,2,3,2,2,4,4,4,3,3,5,4,4,5,3,3,3,3,3,4,4,4,5,5,4,5,5,4,4,5,5,4,4,4,3,3,4,5,7,5,5,6,6,5,4,4,5,4,6,1,2,5,2,3,3,temps 1,,,,4,3.6,4.125,2.9,3.69230769230769,4.38461538461539,4.5
21022,expérimental,garçon,16,3,5,3,3,5,3,3,5,4,5,3,3,4,5,4,4,5,4,5,4,5,3,3,4,3,2,1,3,3,1,2,2,6,2,1,4,2,4,2,2,1,1,4,2,3,1,2,3,1,2,2,4,5,2,2,2,2,2,1,2,1,4,2,1,4,1,2,1,1,1,3,2,5,2,2,2,6,2,1,3,6,3,2,5,5,3,3,3,2,temps 1,,,,4,3.6,2.5,2.3,2.38461538461538,1.84615384615385,3.125
2205,expérimental,garçon,14,5,5,4,3,5,5,4,4,5,5,3,4,4,5,3,4,4,5,3,2,4,5,5,5,5,7,7,6,7,3,6,7,7,4,4,4,3,4,3,4,4,4,4,5,3,5,5,5,4,5,4,4,4,2,4,5,5,5,5,5,5,3,4,5,5,5,5,5,5,7,7,7,7,6,7,1,7,7,6,7,7,5,7,5,7,5,3,5,5,temps 1,,,,4.1,4.8,6.25,3.8,4.23076923076923,4.76923076923077,6.25
2208,expérimental,fille,17,4,4,3,2,5,4,4,4,4,2,3,3,3,3,5,4,5,5,4,4,2,5,4,3,3,4,3,4,4,4,3,3,5,2,1,3,2,3,3,4,2,2,3,5,1,3,5,4,2,3,1,2,3,3,3,3,3,3,4,3,1,3,3,4,5,2,4,2,2,3,7,6,7,4,6,1,6,3,3,2,7,3,7,7,7,4,4,3,3,temps 1,,,,3.75,3.4,3.75,2.5,2.92307692307692,3,4.9375
2209,expérimental,garçon,16,3,3,4,1,4,5,2,2,4,3,3,4,5,3,3,2,5,3,5,4,2,5,2,2,5,5,4,5,4,4,4,7,4,2,2,3,3,3,2,2,1,2,1,3,3,3,2,3,3,4,3,3,3,4,2,3,1,5,3,5,3,3,2,1,4,3,2,3,3,4,7,7,7,4,4,4,6,4,4,6,3,7,7,4,4,5,3,3,2,temps 1,,,,3.4,3.2,4.625,2.1,3,2.92307692307692,5.125
2210,expérimental,fille,15,3,4,2,4,5,4,3,1,4,4,3,4,4,5,3,2,3,2,5,4,4,2,4,4,5,5,4,6,6,6,5,7,7,3,3,4,3,3,3,3,4,3,4,2,4,3,2,4,4,4,4,3,4,2,3,3,4,3,4,2,3,4,4,3,4,4,4,4,2,5,7,4,7,6,6,2,6,6,6,6,6,6,7,4,7,5,4,3,2,temps 1,,,,3.45,3.8,5.75,3.3,3.23076923076923,3.46153846153846,5.6875
2212,expérimental,garçon,16,5,4,3,5,5,2,3,3,3,4,3,5,5,5,4,5,5,5,5,3,2,2,3,1,4,5,1,3,1,4,7,5,7,3,2,3,3,4,1,4,2,4,3,4,4,5,5,5,3,3,5,3,5,5,5,3,2,3,5,3,3,2,3,4,1,4,4,3,3,2,5,5,6,4,5,6,6,5,6,5,5,4,3,2,6,7,4,3,4,temps 1,,,,4.1,2.4,4.125,2.9,4.23076923076923,3.07692307692308,4.6875
2213,expérimental,garçon,15,4,3,3,3,4,5,4,3,2,4,3,4,3,5,3,3,4,4,4,3,3,4,5,4,4,2,1,4,6,3,2,5,6,2,2,3,2,4,3,4,3,2,4,5,3,3,5,2,3,2,3,4,2,2,4,3,3,3,2,2,3,3,2,4,3,4,3,2,4,2,6,3,4,3,4,3,4,3,4,2,3,4,3,3,5,7,5,3,2,temps 1,,,,3.55,4,3.625,2.9,3.15384615384615,2.92307692307692,3.5
2215,expérimental,garçon,15,3,4,4,3,4,5,3,3,3,4,4,4,4,5,4,3,5,5,4,5,3,3,4,2,3,4,4,4,2,4,4,4,6,2,2,4,2,3,2,4,3,4,4,4,2,3,3,4,3,3,3,3,4,3,4,2,2,3,3,3,3,2,3,4,5,3,4,3,3,3,5,4,5,4,3,1,2,4,3,3,3,3,4,4,4,5,3,3,3,temps 1,,,,3.95,3,4,3,3.15384615384615,3.15384615384615,3.4375
2217,expérimental,fille,16,4,5,5,3,5,3,4,5,4,5,5,5,2,5,4,5,5,1,5,4,5,4,5,5,5,7,7,7,7,4,4,7,7,3,3,2,3,4,4,4,1,4,4,5,2,4,5,3,5,5,2,5,3,3,3,1,5,5,5,5,4,5,5,5,5,5,5,5,5,1,7,1,7,7,7,1,7,1,7,1,7,7,7,7,7,1,5,5,5,temps 1,,,,4.2,4.8,6.25,3.2,3.53846153846154,4.92307692307692,5.125
2218,expérimental,garçon,16,3,5,5,5,4,5,3,3,3,4,5,3,4,4,4,4,5,4,4,3,3,3,4,3,4,5,4,5,6,3,4,6,7,2,2,3,2,2,2,3,2,3,3,4,3,2,3,4,2,4,3,2,3,3,3,2,2,3,4,4,3,3,3,2,2,3,1,1,2,2,5,4,3,4,5,5,7,5,5,5,3,4,6,3,7,5,3,3,4,temps 1,,,,4,3.4,5,2.4,2.92307692307692,2.53846153846154,4.5625
2220,expérimental,garçon,15,2,3,5,2,3,4,5,3,3,3,3,4,5,5,4,5,5,1,5,5,4,5,5,2,5,1,1,4,2,4,5,7,7,1,2,4,1,3,3,3,3,3,3,3,2,3,5,5,2,4,4,2,5,5,5,4,2,3,3,5,5,3,3,3,5,5,3,5,5,5,7,7,7,4,7,7,1,4,7,7,7,4,6,4,1,7,5,1,4,temps 1,,,,3.75,4.2,3.875,2.6,3.76923076923077,3.84615384615385,5.3125
2222,expérimental,fille,15,4,3,4,3,4,3,4,4,3,2,4,4,2,3,2,2,4,5,5,5,3,3,3,3,3,5,2,4,7,6,2,6,5,2,2,4,2,2,1,3,3,2,3,3,3,3,2,2,3,3,2,2,2,3,2,2,3,4,4,4,3,5,4,3,4,4,3,2,2,4,6,6,7,5,5,3,5,6,4,6,7,4,4,6,7,5,3,4,3,temps 1,,,,3.5,3,4.625,2.4,2.46153846153846,3.46153846153846,5.3125
2302,expérimental,fille,15,5,5,5,5,5,5,5,4,5,5,3,4,3,5,4,3,5,5,5,5,3,5,3,3,5,5,1,7,4,5,4,7,7,2,4,4,1,3,4,4,1,4,3,5,2,3,4,3,5,4,3,3,3,4,3,4,4,2,3,5,3,5,2,4,5,4,4,3,2,4,7,7,7,7,7,7,7,7,7,7,7,7,7,7,7,3,2,1,2,temps 1,,,,4.55,3.8,5,3,3.53846153846154,3.53846153846154,6.8125
2303,expérimental,fille,17,3,3,3,3,4,4,4,4,4,4,3,3,5,5,4,3,3,5,4,4,5,4,3,2,2,5,4,5,5,4,4,7,4,3,3,3,2,1,4,3,4,3,4,4,5,3,4,4,2,4,4,3,4,3,4,3,4,4,4,4,4,2,5,4,3,4,4,5,4,4,4,6,7,6,5,6,7,2,5,6,7,5,6,6,7,5,4,3,3,temps 1,,,,3.75,3.2,4.75,3,3.61538461538462,3.92307692307692,5.5625
2306,expérimental,garçon,17,3,2,5,1,4,5,2,1,4,1,5,4,5,5,4,3,4,5,2,1,2,4,1,5,1,6,5,5,6,3,7,7,6,2,2,4,1,2,2,4,4,4,3,4,4,4,4,5,4,5,4,3,4,4,4,3,4,4,5,5,5,4,3,4,4,4,3,4,4,3,5,6,6,7,7,7,6,4,6,7,6,7,7,2,6,6,3,4,3,temps 1,,,,3.3,2.6,5.625,2.8,4,4.07692307692308,5.75
2308,expérimental,garçon,15,1,1,1,5,5,4,5,1,5,5,5,5,5,5,2,4,4,5,1,1,1,1,1,1,1,1,1,1,1,1,1,7,7,2,2,1,4,3,3,4,4,4,1,5,5,5,5,5,2,4,4,3,5,5,4,3,3,3,3,3,3,3,3,3,5,1,5,5,5,1,1,1,7,1,1,1,7,1,1,1,7,1,2,7,7,7,5,4,5,temps 1,,,,3.5,1,2.5,2.8,4.23076923076923,3.46153846153846,2.9375
2309,expérimental,fille,15,5,5,4,4,5,5,1,4,4,4,5,4,5,5,4,5,5,5,5,5,1,4,2,2,3,5,4,6,6,4,3,5,6,3,3,3,3,3,4,4,4,4,4,5,5,4,5,5,4,4,5,3,4,3,5,3,3,5,5,5,4,3,4,5,3,5,4,4,4,6,7,7,7,4,7,4,1,3,7,7,5,7,7,1,7,5,5,1,5,temps 1,,,,4.45,2.4,4.875,3.5,4.23076923076923,4.15384615384615,5.4375
2310,expérimental,garçon,15,3,3,3,2,4,3,4,3,5,3,4,5,5,5,4,5,4,1,4,3,3,2,3,3,5,7,7,7,7,3,5,7,7,3,3,3,3,4,3,4,4,4,3,5,4,5,5,5,3,5,5,3,5,4,4,5,4,5,5,5,5,3,4,5,5,4,3,3,4,7,7,7,7,7,7,7,7,7,7,7,7,7,7,7,7,7,5,4,2,temps 1,,,,3.65,3.2,6.25,3.4,4.46153846153846,4.23076923076923,7
2311,expérimental,fille,17,5,2,3,1,3,4,4,5,3,2,3,3,4,5,2,4,4,5,5,3,3,2,1,2,3,4,4,5,1,4,2,1,5,1,1,3,1,1,1,2,1,1,1,5,5,3,4,5,1,4,5,3,5,3,4,3,3,2,3,3,3,2,4,4,3,4,3,3,3,2,2,2,6,2,2,2,6,2,2,2,6,2,2,6,6,6,3,3,3,temps 1,,,,3.5,2.2,3.25,1.3,3.84615384615385,3.07692307692308,3.25
2312,expérimental,garçon,15,4,3,2,3,5,3,4,2,5,4,3,4,3,5,4,4,3,4,5,4,3,4,3,2,1,5,5,5,2,6,7,6,7,3,3,4,3,3,4,4,4,4,3,4,5,4,3,4,4,4,4,4,5,4,4,4,4,4,4,4,4,5,5,5,5,3,3,4,5,7,6,2,7,7,7,7,7,5,4,7,7,6,7,1,7,6,5,5,5,temps 1,,,,3.7,2.6,5.375,3.5,4.07692307692308,4.23076923076923,5.875
2313,expérimental,garçon,17,5,5,5,4,4,5,3,2,5,4,3,5,4,5,3,3,4,5,3,4,1,3,4,5,4,7,6,6,7,2,7,7,7,1,3,4,4,2,2,4,3,3,3,4,3,4,4,5,5,3,4,5,3,5,4,4,5,5,5,4,5,3,2,5,5,5,5,5,5,7,7,7,7,7,7,6,7,3,7,7,2,7,7,7,7,4,2,4,3,temps 1,,,,4.05,3.4,6.125,2.9,4.07692307692308,4.53846153846154,6.375
2315,expérimental,garçon,15,5,3,2,3,4,1,5,5,4,4,4,4,4,4,4,4,5,3,4,4,4,4,5,4,5,4,1,4,3,4,4,6,4,3,3,3,3,4,2,4,4,4,4,4,1,3,4,4,4,3,3,3,4,1,4,3,3,3,4,3,1,5,3,3,5,3,3,3,1,3,6,6,7,4,6,6,7,4,5,6,7,4,6,2,7,5,3,1,3,temps 1,,,,3.8,4.4,3.75,3.4,3.15384615384615,3.07692307692308,5.375
2316,expérimental,fille,15,3,3,4,2,4,3,3,3,3,4,4,4,3,4,2,3,4,4,4,3,3,4,3,3,3,5,3,5,6,4,3,6,7,3,3,3,3,4,2,2,4,4,4,4,5,3,4,4,4,4,4,4,4,3,4,3,4,4,4,4,4,2,5,4,3,4,5,4,4,4,4,6,7,6,5,6,7,2,5,6,7,5,6,6,7,5,4,3,3,temps 1,,,,3.35,3.2,4.875,3.2,3.84615384615385,3.92307692307692,5.5625
2319,expérimental,fille,16,3,4,3,2,5,3,2,4,4,3,3,4,3,5,3,2,4,4,4,3,2,3,2,3,1,6,4,5,6,2,5,6,7,3,2,2,3,4,3,4,4,4,4,4,2,4,4,5,3,4,4,2,5,2,5,3,4,5,5,4,3,3,4,4,5,4,4,3,4,4,7,4,7,7,7,1,7,4,4,4,4,4,7,7,7,5,3,4,3,temps 1,,,,3.4,2.2,5.125,3.3,3.61538461538462,4,5.3125
2320,expérimental,fille,16,5,5,5,5,4,5,1,3,4,4,3,4,4,5,5,4,5,2,5,5,4,5,2,2,1,4,1,6,2,1,5,7,5,3,2,1,4,1,3,1,4,2,2,3,3,4,4,5,4,3,4,4,3,5,5,3,5,5,5,4,1,5,3,5,2,5,5,5,2,2,7,7,6,7,5,7,4,6,7,7,4,5,7,1,3,4,3,4,2,temps 1,,,,4.15,2.8,3.875,2.3,3.84615384615385,4,5.3125
2323,expérimental,fille,16,5,3,4,2,5,3,3,5,3,4,4,5,5,5,5,4,5,5,5,3,3,4,5,4,4,7,6,7,4,5,7,7,7,4,3,3,3,1,4,4,4,4,4,5,5,5,5,4,4,4,4,4,4,1,4,4,5,5,4,4,3,2,4,3,3,5,5,5,4,7,7,7,7,6,4,5,7,7,7,7,6,7,7,3,7,6,4,4,3,temps 1,,,,4.15,4,6.25,3.4,4.07692307692308,4,6.3125
2325,expérimental,garçon,16,2,5,2,3,5,4,4,3,5,5,2,4,5,4,3,4,5,5,5,3,2,1,1,2,3,2,2,3,4,5,4,4,7,3,3,2,4,4,3,4,4,4,4,2,1,3,4,5,3,4,4,2,4,4,4,4,4,4,4,4,4,4,2,4,5,4,3,2,4,4,5,5,6,4,4,2,7,5,4,2,7,4,5,7,7,5,3,1,3,temps 1,,,,3.9,1.8,3.875,3.5,3.38461538461538,3.69230769230769,4.875
2400,contrôle,fille,15,4,5,3,2,5,5,1,4,4,3,5,5,3,5,3,3,5,3,5,5,1,3,2,1,1,6,2,6,7,1,4,6,7,3,2,4,3,1,3,4,3,4,1,5,1,3,1,2,3,3,3,2,2,1,1,1,5,5,5,5,3,3,4,5,5,5,3,4,4,3,6,7,7,5,5,3,7,7,5,7,7,3,7,3,7,2,2,3,2,temps 1,,,,3.9,1.6,4.875,2.8,2.15384615384615,4.30769230769231,5.5625
2401,contrôle,fille,15,4,3,5,3,4,4,3,4,5,2,3,5,5,5,4,5,4,4,5,3,4,4,5,5,2,5,4,5,5,2,4,6,4,2,1,3,1,2,3,3,3,2,3,2,4,4,5,5,1,4,5,3,3,4,5,2,1,2,1,1,1,3,4,1,2,2,1,2,3,5,6,7,7,6,6,7,5,4,4,6,2,3,6,1,6,6,3,4,1,temps 1,,,,4,4,4.375,2.3,3.61538461538462,1.84615384615385,5.0625
2402,contrôle,garçon,15,3,3,4,3,3,3,3,2,4,4,3,3,4,5,3,3,5,4,5,5,2,1,3,2,3,4,4,5,6,3,4,5,6,2,1,3,3,4,2,2,1,2,1,4,4,3,4,4,2,4,3,2,4,2,4,2,4,4,4,4,3,3,5,4,4,4,4,4,3,2,4,2,6,3,3,3,6,4,6,6,7,6,6,4,6,5,3,3,2,temps 1,,,,3.6,2.2,4.625,2.1,3.23076923076923,3.84615384615385,4.625
2403,contrôle,fille,15,4,3,2,1,4,2,5,2,3,5,3,5,5,4,3,3,3,3,4,1,5,1,4,3,5,6,7,7,3,4,1,7,7,2,2,2,1,3,3,1,3,3,4,2,2,4,5,5,3,3,4,2,4,4,3,3,4,4,4,4,4,5,3,5,5,5,5,4,4,5,7,7,7,4,7,7,7,4,7,7,7,6,7,4,7,6,5,3,5,temps 1,,,,3.25,3.6,5.25,2.4,3.38461538461538,4.30769230769231,6.25
2404,contrôle,fille,16,4,5,4,5,5,3,4,3,4,2,3,4,4,5,5,3,5,5,3,4,2,4,1,2,3,2,1,1,5,1,4,5,1,3,2,1,2,4,1,4,4,4,4,5,1,4,5,3,5,5,3,4,1,3,4,4,4,4,4,4,4,3,4,4,5,4,4,4,4,1,7,7,7,7,7,6,7,7,7,7,7,7,7,1,7,3,3,2,3,temps 1,,,,4,2.4,2.5,2.9,3.61538461538462,4,6.1875
2405,contrôle,fille,16,4,5,3,3,3,4,3,3,2,3,1,3,4,5,5,4,5,3,5,4,4,1,5,4,2,4,2,5,7,4,3,7,4,3,1,1,2,2,3,3,3,3,1,5,4,3,5,3,2,5,3,1,3,3,3,3,5,5,5,5,5,1,4,5,5,5,5,5,4,1,7,7,7,6,7,1,7,7,6,3,7,7,7,7,7,3,3,4,1,temps 1,,,,3.6,3.2,4.5,2.2,3.30769230769231,4.53846153846154,5.875
2407,contrôle,fille,15,3,4,5,4,5,4,3,4,4,4,4,4,5,5,4,5,5,4,4,3,3,2,2,1,2,4,3,3,5,5,2,5,7,3,3,4,3,4,3,3,3,2,4,4,4,4,4,4,4,4,4,3,4,3,4,3,4,4,4,4,4,5,4,4,5,4,4,4,4,4,6,6,6,5,6,3,6,4,6,6,5,3,5,2,6,4,4,4,2,temps 1,,,,4.15,2,4.25,3.2,3.76923076923077,4.15384615384615,4.9375
2409,contrôle,garçon,17,4,3,4,5,5,5,3,4,4,5,5,4,5,5,3,3,4,5,4,3,3,4,3,5,3,7,6,7,7,4,6,7,4,3,2,3,3,2,4,4,4,4,3,3,4,4,3,5,5,4,5,4,5,4,4,4,4,5,4,3,2,3,4,4,5,5,5,4,4,3,7,5,7,4,6,2,7,4,5,4,6,5,6,5,5,6,5,4,4,temps 1,,,,4.15,3.6,6,3.2,4.15384615384615,4,5.0625
2410,contrôle,fille,15,5,5,5,3,2,5,2,4,3,2,2,3,2,5,1,3,5,3,5,5,2,5,1,5,2,4,1,4,5,4,4,7,3,3,3,4,3,4,2,4,2,2,2,5,2,3,5,5,3,4,4,3,3,3,3,3,5,5,5,5,5,2,5,5,5,5,5,5,5,4,7,7,7,4,4,1,7,1,7,7,6,6,7,7,7,2,2,4,3,temps 1,,,,3.5,3,4,2.9,3.53846153846154,4.76923076923077,5.5625
2411,contrôle,fille,14,5,3,2,4,5,2,2,4,3,3,3,3,4,5,4,4,5,3,5,3,5,4,5,4,3,5,3,6,4,5,3,4,6,3,3,4,3,3,2,4,3,3,3,4,3,3,4,4,4,4,3,3,4,4,4,3,3,4,4,3,3,3,3,2,3,3,4,3,3,4,6,4,5,5,5,4,5,5,5,4,4,4,4,5,6,5,3,3,3,temps 1,,,,3.6,4.2,4.5,3.1,3.61538461538462,3.15384615384615,4.6875
2412,contrôle,fille,16,4,3,3,3,4,2,2,3,3,2,4,4,4,5,2,2,4,4,4,3,3,1,5,2,2,2,4,5,6,2,2,6,2,3,2,3,2,2,2,4,4,3,4,3,1,3,4,3,3,3,3,3,2,3,1,2,4,4,4,4,4,4,3,2,5,4,4,4,4,3,7,7,7,4,6,2,6,3,5,7,7,4,7,4,7,2,2,1,3,temps 1,,,,3.25,2.6,3.625,2.9,2.61538461538462,3.84615384615385,5.375
2414,contrôle,garçon,15,4,4,5,3,3,2,5,5,3,3,4,4,5,4,4,5,5,5,4,3,5,2,5,5,5,5,4,5,6,4,4,6,7,3,2,3,2,3,3,4,3,3,4,3,3,3,4,5,3,4,4,3,4,4,4,3,1,3,3,4,3,2,4,5,4,3,3,3,4,5,7,7,7,5,6,6,7,5,6,7,7,5,7,1,7,5,4,3,3,temps 1,,,,4,4.4,5.125,3,3.61538461538462,3.23076923076923,5.9375
2415,contrôle,garçon,15,5,5,4,4,4,2,5,4,5,4,4,5,4,5,4,5,4,4,4,3,4,5,4,4,4,5,3,6,7,3,5,7,7,3,3,2,4,4,4,4,3,4,3,5,5,5,5,5,4,4,4,4,4,4,4,5,5,4,4,4,4,3,5,3,5,4,5,4,3,5,7,7,7,7,7,5,6,4,7,7,4,5,7,2,7,5,3,4,1,temps 1,,,,4.2,4.2,5.375,3.4,4.46153846153846,4.07692307692308,5.875
2416,contrôle,garçon,15,4,5,4,5,4,5,3,2,5,4,3,4,4,5,3,3,3,2,3,4,3,4,4,2,3,6,4,5,6,4,2,6,5,2,2,4,2,4,2,4,3,3,4,4,4,4,4,4,4,3,4,4,5,3,5,4,5,5,5,4,3,2,3,5,5,4,4,4,3,5,6,7,6,7,7,6,7,1,5,6,3,6,6,3,6,6,3,3,2,temps 1,,,,3.75,3.2,4.75,3,4,4,5.4375
2419,contrôle,fille,16,4,4,3,2,3,4,1,2,3,2,1,4,3,4,2,1,4,4,5,4,3,4,2,2,1,4,3,4,6,3,4,6,4,2,2,2,1,1,1,3,1,2,2,4,1,1,3,3,2,3,1,1,1,3,1,1,4,4,4,4,4,5,4,5,5,5,5,5,5,3,6,6,6,4,7,5,1,5,4,5,2,5,7,4,6,4,1,3,2,temps 1,,,,3,2.4,4.25,1.7,1.92307692307692,4.53846153846154,4.75
2423,contrôle,fille,15,4,5,3,3,5,3,3,2,4,3,3,4,3,5,5,3,4,4,5,5,4,5,5,3,1,4,5,7,7,7,5,7,7,1,1,4,1,3,2,3,1,4,4,5,4,5,5,2,1,2,1,1,1,2,1,1,5,5,4,5,3,3,5,5,5,5,4,4,1,2,4,7,7,7,7,7,7,6,7,7,7,7,7,7,7,3,3,3,3,temps 1,,,,3.8,3.6,6.125,2.4,2.38461538461538,4.15384615384615,6.4375
2500,expérimental,fille,15,3,2,5,4,5,1,2,2,3,5,4,5,5,5,4,5,5,5,5,4,1,3,2,3,1,6,4,6,3,1,5,6,7,2,2,1,2,1,3,3,2,4,3,5,2,3,5,5,3,5,3,3,5,5,5,3,5,5,4,5,4,1,4,4,1,5,4,4,2,4,7,7,7,7,7,7,7,7,7,7,4,7,7,7,7,5,4,4,1,temps 1,,,,3.95,2,4.75,2.3,4,3.69230769230769,6.625
2501,expérimental,fille,15,5,5,4,3,3,5,3,3,3,2,3,4,5,5,2,4,5,5,5,4,3,1,2,2,4,6,5,6,6,2,1,6,7,2,2,2,1,2,3,4,1,2,3,2,1,2,4,5,1,3,5,1,3,3,5,2,4,4,4,4,3,2,1,5,5,4,4,4,3,4,4,7,4,5,7,7,2,3,7,7,6,4,7,1,1,5,4,5,4,temps 1,,,,3.9,2.4,4.875,2.2,2.84615384615385,3.61538461538462,4.75
2502,expérimental,fille,15,3,3,5,5,4,5,1,1,5,1,2,1,5,3,5,5,5,3,5,4,1,1,3,1,1,4,1,1,4,1,5,2,7,1,1,4,1,1,4,1,4,1,1,5,5,2,5,4,3,3,1,1,2,1,5,2,2,2,2,2,1,5,2,3,2,2,4,3,2,1,2,5,7,1,1,7,1,7,1,5,1,1,3,1,5,7,3,1,1,temps 1,,,,3.55,1.4,3.125,1.9,3,2.46153846153846,3.0625
2503,expérimental,garçon,15,3,4,2,4,5,4,3,5,3,4,4,5,5,5,5,5,3,3,5,4,5,5,5,5,1,4,1,5,7,3,2,5,4,3,3,3,3,4,3,4,4,4,4,4,5,4,3,5,4,4,5,4,4,4,4,4,3,3,3,4,4,3,4,4,4,3,5,3,4,4,5,6,7,5,6,5,7,4,4,6,4,5,7,4,7,6,3,3,3,temps 1,,,,4.05,4.2,3.875,3.5,4.15384615384615,3.61538461538462,5.375
2504,expérimental,fille,15,3,3,1,2,4,2,2,4,2,3,2,3,3,3,2,1,3,4,4,4,3,2,3,2,1,5,3,4,6,6,2,6,6,2,3,2,2,2,2,4,2,3,4,3,2,2,2,3,4,2,4,4,4,3,2,1,2,3,3,4,5,3,3,3,3,3,4,3,4,2,2,4,4,4,4,4,4,4,4,4,4,4,4,4,4,6,3,1,3,temps 1,,,,2.75,2.2,4.75,2.6,2.76923076923077,3.30769230769231,3.75
2506,expérimental,fille,15,4,5,3,2,5,4,2,3,5,3,3,3,3,4,5,2,5,2,5,4,4,3,5,4,3,4,3,6,4,2,4,6,4,2,1,3,1,2,3,4,2,4,4,4,3,3,5,3,3,5,3,3,3,4,3,3,4,4,4,4,3,3,4,3,2,4,1,1,1,4,7,7,7,4,5,6,7,4,4,7,1,4,7,1,7,2,3,3,2,temps 1,,,,3.6,3.8,4.125,2.6,3.46153846153846,2.92307692307692,5.125
2507,expérimental,garçon,16,2,5,3,4,3,5,1,2,5,3,1,4,1,5,4,2,5,2,3,5,1,2,2,2,1,6,1,6,6,1,6,6,4,1,3,4,3,3,4,1,2,3,4,5,1,5,5,3,3,5,2,2,2,3,3,2,4,4,4,4,2,3,2,2,4,4,4,4,2,6,7,7,7,7,6,1,7,6,6,7,6,7,6,6,7,3,3,3,2,temps 1,,,,3.25,1.6,4.5,2.8,3.15384615384615,3.30769230769231,6.1875
2508,expérimental,fille,15,3,3,2,2,2,2,4,3,1,3,1,3,4,2,2,3,2,1,3,1,2,4,4,3,1,4,4,5,5,4,4,5,5,1,1,3,2,3,3,4,2,3,3,4,3,2,2,4,2,4,4,3,4,1,4,2,1,1,2,1,1,4,2,1,1,1,2,1,1,4,5,4,7,4,4,4,4,4,5,5,3,3,4,3,4,5,3,3,2,temps 1,,,,2.35,2.8,4.5,2.5,3,1.46153846153846,4.1875
2509,expérimental,fille,15,5,4,5,1,5,1,2,4,4,3,3,5,5,5,5,5,5,5,3,3,3,3,5,1,3,1,1,7,7,1,4,7,7,3,3,3,3,2,3,4,3,2,4,4,2,4,5,3,3,5,3,4,3,5,5,5,5,5,5,5,5,2,5,4,5,5,4,4,3,4,7,7,7,7,7,4,7,7,7,7,7,4,7,1,7,3,3,4,5,temps 1,,,,3.9,3,4.375,3,3.92307692307692,4.38461538461539,6.0625
2510,expérimental,garçon,15,5,4,3,3,3,5,4,4,5,4,4,5,3,5,3,4,5,5,5,5,5,1,4,5,3,3,1,3,4,3,4,6,7,4,4,3,3,1,3,3,4,2,3,2,4,3,2,5,5,3,4,5,1,1,3,3,5,5,5,5,3,3,3,5,5,4,3,2,2,1,7,7,7,4,7,4,1,7,4,7,1,4,7,7,7,2,3,3,2,temps 1,,,,4.2,3.6,3.875,3,3.15384615384615,3.84615384615385,5.125
2511,expérimental,garçon,15,5,4,2,2,4,4,5,5,5,4,4,4,3,3,4,2,4,4,4,4,4,3,2,4,4,4,4,4,5,4,4,5,6,2,1,3,2,3,2,4,3,3,4,4,4,4,4,3,3,4,3,2,3,3,3,3,3,3,3,2,4,4,4,2,5,3,1,1,3,3,4,4,6,2,2,5,6,1,1,3,7,1,4,3,7,4,3,3,3,temps 1,,,,3.8,3.4,4.5,2.7,3.30769230769231,2.92307692307692,3.6875
2512,expérimental,fille,16,4,4,4,4,4,4,2,5,3,2,4,4,3,5,3,3,5,4,5,5,3,3,4,4,2,5,4,5,6,1,5,7,4,2,1,2,1,1,1,1,3,1,2,4,1,2,5,4,3,4,3,3,4,4,3,1,1,3,3,3,1,2,3,3,2,3,1,3,3,4,7,7,7,4,5,3,7,4,5,4,4,5,5,3,6,5,1,3,1,temps 1,,,,3.85,3.2,4.625,1.5,3.15384615384615,2.38461538461538,5
2514,expérimental,garçon,15,4,1,5,1,4,3,5,3,4,4,5,5,5,3,3,5,1,3,4,5,1,3,5,5,5,6,4,6,7,5,6,6,2,2,2,2,3,1,2,1,4,4,4,5,5,5,5,5,5,5,5,5,5,5,5,5,5,5,5,5,5,1,5,5,1,5,5,5,5,5,5,5,2,5,6,5,3,5,6,5,3,6,5,2,3,5,4,4,5,temps 1,,,,3.65,3.8,5.25,2.5,5,4.38461538461539,4.4375
2515,expérimental,garçon,15,2,3,4,4,3,3,5,3,3,3,2,2,3,2,1,2,4,1,2,2,3,3,5,3,5,3,3,3,4,4,4,4,7,2,2,3,2,3,2,3,2,1,4,2,3,3,3,3,2,2,2,2,4,2,3,2,2,2,2,3,3,4,2,2,4,3,2,2,2,2,2,2,6,2,3,2,7,2,4,5,6,2,3,4,7,5,3,3,2,temps 1,,,,2.7,3.8,4,2.4,2.53846153846154,2.53846153846154,3.6875
2516,expérimental,garçon,15,4,3,4,2,3,4,5,5,5,5,4,3,4,5,5,5,5,5,3,3,5,5,4,4,5,4,2,3,4,2,5,7,7,2,3,3,2,2,4,3,4,4,3,3,4,4,3,4,3,4,3,3,5,3,4,3,4,5,4,5,3,2,2,3,5,3,3,3,3,4,5,6,7,5,7,7,7,3,6,7,4,5,6,1,7,6,4,3,2,temps 1,,,,4.1,4.6,4.25,3,3.53846153846154,3.46153846153846,5.4375
2517,expérimental,garçon,16,4,5,3,3,4,5,4,3,5,4,4,5,3,4,3,3,5,5,2,4,5,4,5,4,5,6,4,5,6,7,7,7,7,4,3,2,4,4,4,4,4,4,4,3,3,5,4,4,5,4,4,3,4,3,5,4,1,5,5,5,3,2,4,2,5,5,5,5,3,6,7,6,7,6,6,7,7,7,6,5,7,6,6,7,7,5,3,3,3,temps 1,,,,3.9,4.6,6.125,3.7,3.92307692307692,3.84615384615385,6.4375
2518,expérimental,garçon,15,3,3,2,3,4,3,3,5,4,3,4,4,4,5,2,4,5,5,4,3,4,2,2,4,4,3,3,4,4,2,2,5,4,2,2,2,2,3,2,3,3,3,3,4,3,3,4,4,3,3,3,2,3,2,4,2,3,3,3,3,2,4,2,2,2,2,2,3,3,2,3,5,7,4,6,5,7,3,5,5,5,3,7,7,7,5,3,2,2,temps 1,,,,3.65,3.2,3.375,2.5,3.07692307692308,2.61538461538462,5.0625
2520,expérimental,fille,16,4,2,3,2,5,5,5,4,5,4,4,4,5,5,5,2,5,4,5,4,2,4,5,4,5,4,4,5,7,4,4,5,7,3,2,3,3,2,3,4,3,2,4,4,2,3,4,4,3,3,4,3,4,4,3,3,2,4,4,4,2,5,3,1,5,3,3,3,3,3,4,6,7,6,6,1,7,1,6,6,7,5,5,7,7,5,3,2,5,temps 1,,,,4.1,4,5,2.9,3.38461538461538,3.23076923076923,5.25
2521,expérimental,fille,16,2,4,3,4,1,2,1,3,5,4,3,4,5,5,1,2,5,2,5,3,1,3,5,1,1,2,1,5,7,6,5,6,5,3,3,2,2,3,3,4,2,4,4,4,5,3,5,5,1,2,5,5,4,5,5,4,3,5,5,5,3,2,5,2,1,5,5,5,3,3,7,7,7,7,7,4,7,7,7,7,7,3,7,7,7,7,5,5,2,temps 1,,,,3.2,2.2,4.625,3,4.07692307692308,3.76923076923077,6.3125
2600,expérimental,fille,15,3,4,3,4,4,4,3,4,4,3,3,3,5,5,4,4,5,4,4,4,3,4,3,4,2,4,4,5,5,3,3,5,7,2,3,3,3,3,3,2,2,3,3,2,4,4,4,4,2,3,4,3,3,4,2,3,4,4,4,4,4,3,2,4,4,3,3,3,3,5,3,5,4,6,3,4,7,5,3,5,4,5,6,2,7,6,3,4,2,temps 1,,,,3.85,3.2,4.5,2.7,3.23076923076923,3.46153846153846,4.625
2602,expérimental,fille,15,5,4,4,2,3,4,4,3,1,3,3,3,5,5,4,5,4,5,3,2,2,1,2,2,4,5,2,3,3,4,3,5,7,1,1,3,1,4,2,4,2,3,4,4,3,3,4,5,1,4,2,1,3,3,4,3,2,3,3,3,1,5,4,1,4,3,1,1,2,3,5,5,7,2,4,5,7,4,4,6,7,1,7,4,7,5,3,5,3,temps 1,,,,3.6,2.2,4,2.5,3.07692307692308,2.53846153846154,4.875
2603,expérimental,garçon,15,5,5,5,3,3,5,2,4,3,3,3,4,5,3,4,5,5,5,5,4,4,4,5,5,2,1,3,2,1,2,7,4,3,3,3,4,4,3,3,4,4,4,3,5,3,3,5,5,3,4,1,2,4,2,5,3,5,5,5,5,5,2,5,4,5,5,4,4,4,4,6,7,5,4,5,7,6,2,5,5,5,1,7,3,4,4,4,5,4,temps 1,,,,4.05,4,2.875,3.5,3.46153846153846,4.46153846153846,4.75
2604,expérimental,garçon,17,5,5,5,4,5,5,1,5,5,5,4,5,5,4,5,4,5,4,5,5,3,4,5,4,5,5,4,7,4,4,4,7,7,3,4,4,2,4,4,4,4,4,4,5,1,5,5,5,5,5,3,5,3,4,4,5,5,2,3,3,3,5,1,1,5,4,5,5,3,7,7,7,7,7,7,7,7,7,7,7,1,7,7,1,7,4,3,5,5,temps 1,,,,4.55,4.2,5.25,3.7,4.23076923076923,3.46153846153846,6.25
2605,expérimental,garçon,15,5,5,3,4,4,2,5,4,5,4,3,5,5,5,3,3,5,5,5,3,2,4,3,1,4,4,1,5,4,1,4,6,7,3,3,2,1,4,4,4,2,3,2,5,5,5,4,4,3,4,4,4,3,3,5,3,5,5,5,5,3,2,3,4,2,4,4,4,1,4,3,4,4,3,4,4,4,2,3,5,2,3,3,5,3,6,4,4,4,temps 1,,,,4.15,2.8,4,2.8,4,3.61538461538462,3.5
2607,expérimental,fille,15,3,2,3,3,5,5,2,3,2,2,4,4,2,5,5,2,5,2,5,4,3,2,2,1,1,4,5,7,4,1,7,7,3,4,2,3,3,1,2,1,3,2,3,2,2,1,2,3,3,2,3,1,3,3,3,1,5,5,5,5,5,5,5,5,5,5,5,5,5,7,7,7,7,7,7,4,4,7,7,7,4,7,7,4,7,4,3,5,2,temps 1,,,,3.4,1.8,4.75,2.4,2.23076923076923,5,6.25
2609,expérimental,fille,15,3,2,3,1,3,1,3,3,3,4,2,3,4,5,3,5,4,2,5,4,5,3,5,5,2,4,3,5,6,5,2,5,6,3,3,1,3,3,4,4,2,4,3,1,5,4,5,5,4,5,5,4,5,1,5,2,5,5,5,5,2,5,3,5,4,5,5,5,5,2,5,3,6,3,4,5,5,2,2,5,4,3,7,4,4,5,3,3,1,temps 1,,,,3.15,4,4.5,3,3.92307692307692,4.53846153846154,4
2611,expérimental,fille,15,4,3,4,2,4,1,1,3,5,3,2,4,5,5,5,4,4,4,5,4,3,1,4,1,1,6,4,5,3,1,4,5,6,2,1,1,3,3,2,1,3,1,3,3,2,4,1,5,1,2,3,1,3,1,5,2,1,2,4,1,3,4,3,4,1,3,4,5,4,3,7,7,7,2,3,7,4,1,4,7,7,2,7,1,6,4,4,3,3,temps 1,,,,3.6,2,4.25,2,2.53846153846154,3,4.6875
2612,expérimental,fille,15,4,2,3,1,3,4,3,3,5,3,4,3,5,4,5,3,5,5,3,3,2,3,5,3,4,1,1,1,4,1,2,3,5,1,1,3,1,3,2,4,4,4,4,3,1,2,4,4,1,3,3,1,2,1,3,1,1,1,1,2,3,1,3,3,3,3,2,2,3,2,5,5,3,5,5,5,3,5,5,5,3,5,6,3,3,3,3,3,3,temps 1,,,,3.55,3.4,2.25,2.7,2.23076923076923,2.15384615384615,4.25
2613,expérimental,garçon,17,4,3,5,5,4,5,2,4,5,5,4,4,4,4,3,4,5,5,5,3,5,4,1,5,4,7,6,7,7,1,7,7,4,2,3,4,3,3,4,4,2,4,4,4,5,5,3,4,5,4,3,4,5,4,3,4,5,5,3,5,3,1,5,4,1,5,5,4,5,6,7,7,1,6,7,7,2,5,7,7,1,7,7,1,1,5,5,4,4,temps 1,,,,4.15,3.8,5.75,3.3,4.07692307692308,3.92307692307692,4.9375
2614,expérimental,fille,15,1,3,5,5,2,5,1,3,5,1,1,5,5,5,1,1,3,3,5,5,1,1,1,1,1,6,7,4,4,1,4,7,1,3,4,1,4,1,1,1,1,1,3,1,1,1,1,3,3,1,2,5,1,1,1,1,1,1,1,1,1,3,1,5,5,3,5,1,1,1,7,7,7,4,4,7,4,4,4,7,7,1,1,1,4,1,1,5,1,temps 1,,,,3.25,1,4.25,2,1.69230769230769,2.23076923076923,4.375
2615,expérimental,fille,15,4,3,3,1,5,1,5,3,3,2,4,4,5,5,1,3,5,5,1,2,1,3,3,1,2,7,6,5,7,1,4,6,7,1,2,1,4,1,4,4,3,3,1,5,1,3,5,1,2,3,5,3,1,5,2,1,4,5,4,5,4,1,3,3,4,5,3,3,3,1,7,7,7,1,1,1,1,7,1,1,7,1,1,1,7,1,1,1,1,temps 1,,,,3.25,2,5.375,2.4,2.84615384615385,3.61538461538462,3.25
2616,expérimental,fille,15,4,4,3,5,5,5,3,4,2,3,4,4,4,5,1,3,5,5,4,3,3,4,5,4,2,3,1,3,4,1,1,4,1,2,1,3,1,4,1,3,2,2,1,5,1,1,5,3,1,1,1,1,1,1,1,1,2,2,2,1,1,4,2,1,4,1,1,2,1,1,4,4,6,4,4,1,7,6,7,7,7,2,5,7,7,2,2,3,1,temps 1,,,,3.8,3.6,2.25,2,1.76923076923077,1.84615384615385,4.9375
2619,expérimental,fille,15,4,4,4,3,5,5,2,5,3,2,1,4,4,5,4,4,5,4,5,4,3,2,2,1,2,2,1,6,6,1,1,7,2,4,3,3,1,2,1,1,1,2,1,5,1,4,4,4,4,5,3,3,4,1,4,2,4,4,4,4,4,5,4,4,5,4,3,4,4,3,4,7,7,5,7,6,4,5,6,5,7,4,4,4,7,6,3,2,1,temps 1,,,,3.85,2,3.25,1.9,3.38461538461538,4.07692307692308,5.3125
2624,expérimental,fille,17,3,3,5,5,3,4,3,2,2,3,2,3,3,4,1,2,5,3,4,5,1,3,1,2,3,7,7,7,7,4,5,6,1,2,2,2,3,3,1,4,3,4,2,4,2,2,2,4,2,3,4,1,4,2,3,2,4,4,3,3,1,3,2,2,5,2,3,3,1,1,7,7,7,7,7,6,7,6,7,6,7,7,7,1,7,2,2,2,3,temps 1,,,,3.25,2,5.5,2.6,2.69230769230769,2.76923076923077,6.0625
2801,contrôle,fille,16,4,5,5,4,5,5,5,4,5,4,4,5,4,5,5,4,4,5,5,4,3,4,4,4,4,4,4,5,5,5,4,5,4,3,3,4,3,4,2,4,3,3,4,5,3,4,5,4,4,4,4,4,4,4,4,4,3,3,3,3,3,4,1,2,4,3,3,3,3,4,5,6,7,6,7,7,6,4,4,5,6,2,6,2,6,4,3,3,3,temps 1,,,,4.55,3.8,4.5,3.3,4.07692307692308,2.92307692307692,5.1875
2803,contrôle,fille,16,5,5,5,2,4,5,1,2,4,4,3,5,3,5,5,5,5,3,5,5,1,1,1,1,5,6,5,4,5,6,3,4,4,2,1,2,2,3,2,2,1,2,3,3,5,3,4,5,2,3,4,2,3,4,4,3,1,1,2,3,3,1,2,5,4,2,3,2,1,2,5,7,6,4,4,3,3,4,5,4,4,4,5,3,6,5,2,2,2,temps 1,,,,4.05,1.8,4.625,2,3.46153846153846,2.30769230769231,4.3125
2808,contrôle,fille,15,4,3,5,4,4,3,3,4,3,4,2,3,1,4,4,2,5,5,5,4,2,1,2,1,3,6,2,5,7,3,4,5,7,3,4,3,4,4,3,3,3,3,4,4,3,4,4,5,5,4,5,5,4,4,5,4,4,4,4,4,3,4,2,3,5,4,4,4,3,5,6,5,7,4,4,4,6,4,5,5,7,4,6,3,7,6,3,3,3,temps 1,,,,3.6,1.8,4.875,3.4,4.30769230769231,3.69230769230769,5.125
2809,contrôle,garçon,15,5,4,1,4,5,5,5,5,5,5,5,5,5,1,5,5,5,5,1,1,5,5,1,1,5,7,1,1,7,1,4,3,7,4,4,4,4,1,4,1,4,4,1,5,5,5,5,5,3,5,5,1,5,1,5,2,1,5,1,5,5,5,4,1,5,1,1,1,1,1,1,1,7,1,1,1,7,1,1,1,7,1,1,7,7,4,1,1,1,temps 1,,,,4.1,3.4,3.875,3.1,4,2.76923076923077,2.875
2814,contrôle,fille,16,5,3,5,4,4,5,4,3,4,5,3,4,5,3,5,5,5,5,5,5,2,2,4,2,4,5,1,2,2,2,1,1,3,1,2,4,2,1,2,4,3,2,4,5,1,3,5,5,2,5,4,2,4,4,5,3,1,1,1,1,1,5,2,3,1,1,1,1,3,3,2,2,4,5,4,4,4,3,5,4,4,3,3,4,4,5,3,3,4,temps 1,,,,4.35,2.8,2.125,2.5,3.69230769230769,1.69230769230769,3.625
2815,contrôle,garçon,15,3,4,3,2,4,1,3,2,4,4,3,5,5,4,5,5,4,3,5,3,4,1,3,2,2,7,5,4,7,4,1,7,7,3,2,4,1,4,3,4,1,3,4,4,4,3,3,5,3,4,4,3,5,1,5,3,4,4,4,4,3,3,4,4,5,4,4,3,3,7,6,5,5,5,6,4,3,3,4,7,1,2,6,3,4,7,3,3,3,temps 1,,,,3.6,2.4,5.25,2.9,3.61538461538462,3.76923076923077,4.4375
2816,contrôle,garçon,15,3,2,3,3,5,1,2,2,4,4,4,2,5,3,4,5,5,5,3,2,2,1,5,4,5,1,1,4,7,1,4,5,5,3,2,3,2,4,1,4,3,2,4,3,4,4,5,5,3,3,4,3,3,2,4,3,1,3,3,4,3,3,4,1,4,3,2,3,4,2,4,5,6,4,6,5,7,5,4,5,4,3,4,3,7,6,3,2,3,temps 1,,,,3.35,3.4,3.5,2.8,3.53846153846154,2.92307692307692,4.625
2818,contrôle,fille,16,4,4,3,2,4,3,1,2,4,3,1,3,4,4,5,4,5,4,5,4,5,4,1,1,1,7,6,6,7,2,3,5,6,3,2,3,3,4,3,2,3,3,3,4,4,4,4,4,3,4,4,4,4,2,4,4,4,4,4,4,4,4,3,4,4,4,3,3,3,6,6,6,7,6,6,3,7,3,6,6,6,6,7,1,7,6,4,3,4,temps 1,,,,3.45,2.4,5.25,2.9,3.76923076923077,3.69230769230769,5.5625
2819,contrôle,fille,17,3,3,5,3,4,5,2,4,3,4,2,2,5,5,2,4,5,5,5,3,1,3,1,1,1,1,1,1,1,1,1,7,1,4,3,4,4,4,2,3,2,3,4,5,3,4,5,4,4,3,4,3,2,1,4,4,1,2,1,1,1,2,1,1,3,1,2,1,1,4,7,7,7,1,7,7,7,7,1,7,1,1,7,1,7,4,1,3,1,temps 1,,,,3.7,1.4,1.75,3.3,3.53846153846154,1.38461538461538,4.9375
2820,contrôle,garçon,15,3,2,3,1,4,3,4,2,3,4,3,4,5,4,3,5,5,4,2,3,2,4,4,1,2,4,1,3,1,1,1,5,7,2,2,1,2,2,3,4,4,4,4,5,5,4,4,5,4,5,4,3,5,3,5,3,3,3,4,4,4,3,4,4,5,3,5,5,5,3,7,6,7,4,5,5,1,2,5,6,5,2,6,3,7,6,3,1,3,temps 1,,,,3.35,2.6,2.875,2.8,4.23076923076923,4,4.625
2822,contrôle,fille,16,4,5,4,5,2,4,4,3,4,3,4,4,2,3,3,3,5,4,3,4,5,1,1,3,4,1,1,4,4,1,1,5,5,3,3,3,2,3,2,4,2,2,4,2,3,4,3,3,4,3,3,4,3,2,4,2,2,5,4,1,1,2,1,1,2,1,2,1,1,1,7,1,7,6,6,7,7,1,7,7,7,2,7,1,7,4,2,2,2,temps 1,,,,3.65,2.8,2.75,2.8,3.07692307692308,1.84615384615385,5.0625
2823,contrôle,fille,16,3,5,3,5,5,2,1,2,4,1,3,4,5,5,5,1,5,5,5,5,1,4,1,1,1,5,5,6,6,2,4,7,7,3,3,4,2,4,1,4,1,1,2,3,1,4,5,5,4,5,5,3,5,3,5,3,3,3,5,5,4,4,5,5,1,3,4,3,1,6,7,7,7,7,7,4,7,7,7,7,4,4,7,1,7,6,3,3,4,temps 1,,,,3.7,1.6,5.25,2.5,3.92307692307692,3.53846153846154,6
2901,contrôle,fille,15,3,4,5,4,4,5,3,2,3,2,3,5,1,5,3,1,5,4,5,4,2,3,4,5,5,5,6,6,7,3,4,5,7,3,3,3,2,2,1,4,1,3,3,3,1,1,2,2,2,5,2,2,1,3,4,2,2,2,4,3,3,1,3,1,5,3,4,4,4,3,6,4,6,4,5,7,5,6,4,4,3,5,6,3,3,5,4,5,5,temps 1,,,,3.55,3.8,5.375,2.5,2.30769230769231,3,4.625
2906,contrôle,fille,16,3,5,3,5,5,4,4,4,3,4,3,3,4,5,4,3,5,2,5,3,5,3,4,4,5,4,3,5,4,5,7,5,4,2,1,3,3,3,2,4,3,3,3,4,3,3,4,3,5,4,3,2,5,4,3,4,4,4,4,5,3,2,3,4,5,4,3,4,3,5,6,7,7,4,5,7,7,5,7,7,7,7,6,1,4,4,3,4,4,temps 1,,,,3.85,4.2,4.625,2.7,3.61538461538462,3.69230769230769,5.75
2907,contrôle,fille,16,5,4,3,2,4,5,3,4,3,3,4,4,5,5,5,5,4,5,4,3,4,5,3,2,3,2,1,6,3,1,5,5,7,2,2,3,3,1,3,4,2,3,3,3,5,4,5,4,1,3,4,2,3,3,4,4,2,1,1,1,1,4,4,1,3,1,4,2,1,2,5,7,4,3,2,7,4,5,5,5,3,4,4,7,3,1,2,1,1,temps 1,,,,4,3.4,3.75,2.6,3.46153846153846,2,4.375
2909,contrôle,fille,15,3,2,3,4,5,2,3,3,5,2,2,5,5,5,4,2,5,4,4,3,3,3,2,5,3,4,4,4,4,4,4,4,4,2,2,4,2,4,1,4,3,2,4,3,1,3,3,2,2,2,2,1,1,3,2,1,1,1,1,1,1,1,1,1,1,1,1,1,1,2,4,4,7,2,5,4,4,4,4,4,4,4,4,4,4,1,2,3,3,temps 1,,,,3.55,3.2,4,2.8,2,1,4
2910,contrôle,garçon,15,2,5,3,5,4,5,1,1,4,5,4,5,5,3,1,3,3,4,5,4,1,4,5,5,1,4,1,5,1,1,5,4,7,4,2,3,4,4,4,4,4,4,3,1,2,5,1,5,5,5,5,4,5,1,3,5,4,5,5,5,3,5,4,5,3,5,5,3,2,1,5,7,7,1,1,7,7,1,6,7,7,1,7,1,7,5,5,4,3,temps 1,,,,3.6,3.2,3.5,3.6,3.61538461538462,4.15384615384615,4.5625
2911,contrôle,garçon,16,5,4,2,2,5,3,4,4,4,3,4,4,3,4,4,3,4,4,4,4,4,2,3,3,4,4,2,5,6,3,3,4,3,3,3,2,3,3,2,3,2,3,3,4,3,4,4,4,4,3,4,3,4,4,4,4,3,4,4,3,3,2,3,2,5,4,3,3,3,4,5,5,5,4,3,6,3,3,2,6,5,3,5,2,5,6,1,1,5,temps 1,,,,3.7,3.2,3.75,2.7,3.76923076923077,3.23076923076923,4.125
2912,contrôle,fille,16,3,3,4,3,4,4,2,3,4,2,4,4,4,5,5,4,5,5,5,4,2,3,4,4,2,7,4,5,6,5,5,5,6,2,1,3,2,2,2,4,2,2,2,4,3,3,5,3,2,4,3,2,3,3,3,2,3,4,4,4,3,3,3,4,4,4,4,3,3,5,6,6,7,5,4,4,7,4,5,4,3,4,6,6,6,5,3,4,1,temps 1,,,,3.85,3,5.375,2.2,3.07692307692308,3.53846153846154,5.125
2916,contrôle,fille,16,5,3,5,5,4,5,3,4,5,5,3,4,3,4,5,5,5,4,5,3,1,3,5,4,1,7,1,6,1,1,4,4,6,3,3,3,3,1,4,4,4,4,4,4,1,3,5,4,3,5,4,3,3,4,4,3,4,4,5,5,3,2,4,4,3,4,4,4,4,5,4,5,3,3,6,3,3,3,5,3,4,7,5,1,2,3,5,3,2,temps 1,,,,4.25,2.8,3.75,3.3,3.53846153846154,3.84615384615385,3.875
2917,contrôle,fille,15,3,3,4,3,4,4,3,4,3,3,3,4,2,4,5,5,5,5,5,4,3,5,4,5,5,4,3,4,6,3,4,4,5,2,2,3,1,2,2,4,3,2,3,4,3,3,5,3,2,4,3,2,3,3,4,2,2,4,4,3,2,4,3,3,4,4,4,4,4,3,5,4,7,6,7,3,7,6,6,6,2,4,7,1,7,3,3,3,4,temps 1,,,,3.8,4.4,4.125,2.4,3.15384615384615,3.46153846153846,5.0625
2921,contrôle,fille,15,4,4,5,3,5,4,5,4,5,3,5,4,5,5,4,5,4,5,5,4,3,4,4,5,2,6,5,6,7,5,2,6,6,2,3,4,4,4,2,3,3,3,3,4,5,5,5,5,4,4,3,4,4,3,4,3,3,4,4,2,3,3,4,4,4,3,3,4,3,6,6,6,7,5,5,6,4,5,4,6,1,4,6,3,3,7,4,3,4,temps 1,,,,4.4,3.6,5.375,3.1,4.07692307692308,3.38461538461538,4.8125
2922,contrôle,fille,16,4,4,5,5,5,5,3,4,5,4,3,4,5,5,5,4,5,5,5,5,3,2,4,5,3,4,4,7,7,6,4,7,7,3,3,4,3,3,2,3,3,3,4,4,4,3,5,5,3,3,4,4,3,3,5,3,5,5,5,5,4,2,4,3,2,4,4,3,4,6,7,7,7,6,7,7,7,7,7,7,7,7,7,1,1,6,4,4,4,temps 1,,,,4.5,3.4,5.75,3.1,3.76923076923077,3.84615384615385,6.125
2assp202,contrôle,fille,15,3,2,1,3,3,3,2,3,3,4,4,4,4,4,3,4,5,5,4,3,2,3,2,1,3,4,1,4,4,1,6,5,6,2,2,3,2,3,3,4,4,4,4,4,5,2,2,4,2,4,4,2,4,4,3,2,1,1,1,1,1,3,2,2,5,2,5,2,3,2,2,6,6,3,2,2,6,2,3,2,6,2,2,1,6,5,3,3,1,temps 1,,,,3.35,2.2,3.875,3.1,3.23076923076923,2.23076923076923,3.3125
2assp208,contrôle,fille,15,5,5,3,4,5,5,3,4,5,4,5,5,2,5,1,3,4,5,5,3,3,1,2,2,5,3,1,5,2,1,7,3,6,2,2,1,1,3,3,4,4,4,3,5,1,3,4,4,4,5,5,2,4,2,4,2,2,2,2,2,2,2,3,3,1,4,2,1,2,4,6,6,7,2,1,6,3,5,3,6,6,2,4,6,3,3,4,3,1,temps 1,,,,4.05,2.6,3.5,2.7,3.46153846153846,2.15384615384615,4.375
2assp209,contrôle,fille,16,5,4,3,2,3,5,1,4,4,3,3,4,5,5,4,3,4,5,5,4,3,1,2,4,1,5,4,6,5,3,6,7,4,2,3,1,3,3,3,1,3,3,3,4,2,2,4,3,2,4,3,2,3,1,3,3,4,4,4,3,2,3,3,4,4,5,5,4,2,4,7,7,7,4,4,7,7,4,7,7,4,4,7,1,7,4,3,4,2,temps 1,,,,3.8,2.2,5,2.5,2.76923076923077,3.61538461538462,5.5
2assp212,contrôle,fille,17,3,5,5,3,5,5,2,5,5,5,4,5,1,5,5,4,5,5,4,4,2,5,1,3,1,7,7,7,7,2,7,7,7,3,3,2,3,4,4,4,4,4,4,5,3,4,3,3,5,5,3,5,4,4,5,5,5,4,5,5,3,1,4,5,5,1,4,5,4,4,7,1,4,4,7,7,2,7,7,4,7,1,7,1,1,1,5,5,4,temps 1,,,,4.25,2.4,6.375,3.5,4.15384615384615,3.92307692307692,4.4375
2assp213,contrôle,fille,15,5,3,4,5,3,1,1,3,4,2,2,5,5,4,3,5,5,5,4,2,3,1,4,2,4,4,6,5,4,1,2,7,3,2,3,1,1,1,3,1,4,4,3,4,1,3,5,4,1,2,4,3,1,2,2,1,1,1,2,1,3,2,4,1,1,1,3,1,1,1,4,7,3,7,7,7,7,1,7,7,7,7,3,1,7,5,3,3,1,temps 1,,,,3.55,2.8,4,2.3,2.53846153846154,1.69230769230769,5.1875
2assp215,contrôle,fille,15,4,3,5,1,3,1,5,5,5,5,3,3,2,3,3,5,5,3,5,3,4,3,4,5,5,4,1,5,7,1,1,7,7,4,4,2,4,4,4,4,4,4,3,3,2,5,5,3,5,4,5,5,5,5,5,5,5,5,5,5,5,2,5,3,5,5,4,3,3,6,7,3,7,5,7,1,7,4,2,1,7,1,1,1,2,5,5,3,4,temps 1,,,,3.6,4.2,4.125,3.7,4.38461538461539,4.23076923076923,3.875
2assp216,contrôle,fille,18,4,5,3,5,5,3,3,3,5,5,4,3,4,5,5,5,5,3,4,3,3,2,3,2,5,5,6,4,2,7,5,6,4,2,4,2,1,4,2,4,1,1,4,2,3,5,4,2,4,3,2,3,3,3,2,4,5,5,5,5,4,2,4,3,2,4,4,3,3,7,6,4,2,6,5,7,2,4,7,6,2,7,7,2,1,3,4,4,4,temps 1,,,,4.1,3,4.875,2.5,3.07692307692308,3.76923076923077,4.6875
2assp217,contrôle,fille,15,3,4,3,5,4,3,3,4,5,4,3,3,3,3,5,3,4,5,3,3,3,4,4,3,3,1,1,3,1,7,2,2,4,2,4,2,2,4,4,4,1,1,4,5,3,5,5,2,3,4,4,4,2,4,2,5,1,2,3,3,2,2,4,2,1,1,3,2,3,1,3,4,7,3,4,2,5,3,4,5,6,2,4,7,6,2,3,1,2,temps 1,,,,3.65,3.4,2.625,2.8,3.69230769230769,2.23076923076923,4.125
2assp218,contrôle,garçon,17,3,5,5,5,5,3,1,3,3,5,3,3,5,5,5,3,4,5,5,3,2,1,1,1,4,4,4,6,4,1,7,7,7,2,1,3,2,1,4,4,1,4,1,5,5,4,4,5,3,4,4,3,4,3,5,3,3,3,4,4,3,4,3,3,2,4,3,4,5,1,7,4,4,4,7,5,7,1,4,7,3,4,5,3,4,5,4,5,4,temps 1,,,,3.95,1.8,5,2.3,4,3.46153846153846,4.375
2assp219,contrôle,fille,15,3,5,2,1,3,4,1,5,4,3,1,3,5,3,5,2,5,5,5,2,1,3,1,1,1,5,6,4,5,4,1,5,4,2,3,3,2,3,2,3,4,4,4,1,4,1,1,3,1,1,3,1,2,2,3,1,2,2,1,2,1,4,4,3,1,3,3,2,1,4,4,1,4,2,4,7,4,4,4,4,4,2,2,6,4,2,2,2,2,temps 1,,,,3.35,1.4,4.25,3,1.84615384615385,2.23076923076923,3.75
2assp220,contrôle,fille,15,3,4,2,1,4,3,2,4,3,3,4,3,5,5,2,4,5,4,4,4,1,2,5,3,2,3,4,3,4,1,4,7,7,2,2,2,3,1,2,4,2,3,1,5,3,1,3,4,2,3,4,2,4,3,4,1,1,2,2,2,1,2,4,1,1,1,3,2,1,3,3,5,6,4,4,6,2,3,4,2,4,1,2,4,2,5,3,2,3,temps 1,,,,3.45,2.6,4.125,2.2,3,1.76923076923077,3.4375
2assp221,contrôle,fille,15,2,2,3,3,2,2,2,3,3,2,3,3,4,3,2,3,5,4,5,3,1,1,5,5,2,7,7,4,4,7,7,4,7,1,1,4,1,4,1,4,1,1,4,5,2,2,5,3,1,4,3,1,2,5,3,3,1,1,1,1,5,5,2,1,1,1,2,1,5,4,4,3,5,4,3,5,3,4,6,4,2,4,4,2,2,3,1,3,1,temps 1,,,,2.95,2.8,5.875,2.2,3,2.07692307692308,3.6875
2spvl00,expérimental,fille,17,5,4,5,2,4,5,5,4,4,3,4,5,5,5,5,3,5,3,5,4,1,3,4,5,5,1,1,1,1,1,7,6,1,3,3,3,2,3,2,4,4,4,4,4,1,2,5,1,2,5,1,2,1,3,1,2,2,4,4,5,3,5,1,5,3,3,3,3,1,1,4,7,4,1,1,1,7,1,1,1,7,1,1,7,7,1,1,1,2,temps 1,,,,4.25,3.6,2.375,3.2,2.30769230769231,3.23076923076923,3.25
2spvl05,expérimental,garçon,15,1,3,2,1,5,5,5,2,3,5,5,5,5,4,3,5,5,3,5,3,2,2,5,5,1,3,1,4,7,7,1,1,4,2,2,3,2,3,4,3,2,3,2,5,3,4,5,5,4,4,3,4,5,3,3,3,4,5,5,5,4,1,3,3,1,5,5,5,5,1,4,4,7,4,1,4,5,4,3,5,7,1,3,5,3,5,3,3,3,temps 1,,,,3.75,3,3.5,2.6,3.92307692307692,3.92307692307692,3.8125
2spvl06,expérimental,garçon,16,4,5,4,1,5,2,5,3,3,4,2,4,5,5,3,2,5,5,2,1,2,1,1,2,4,4,3,4,4,3,4,7,7,3,2,4,2,3,2,4,4,4,3,5,1,3,5,5,3,5,4,2,5,5,5,3,3,5,4,3,4,1,4,5,5,5,2,3,3,1,7,6,7,7,6,2,7,1,6,7,5,4,7,6,7,4,1,4,2,temps 1,,,,3.5,2,4.5,3.1,3.92307692307692,3.61538461538462,5.375
2spvl08,expérimental,fille,17,5,5,5,4,4,5,1,4,4,4,4,4,3,4,3,3,3,4,4,4,4,3,3,3,1,7,6,7,7,5,6,7,7,4,4,4,4,2,4,2,3,3,3,4,2,2,4,3,5,4,3,5,3,4,3,3,4,5,4,5,4,3,3,4,2,4,4,4,4,6,7,7,7,7,7,7,7,7,7,7,7,6,7,2,7,2,2,4,4,temps 1,,,,3.85,2.8,6.5,3.3,3.46153846153846,3.84615384615385,6.5625
2spvl09,expérimental,garçon,16,5,4,5,1,3,1,5,4,4,3,3,4,2,5,3,2,4,3,1,2,3,4,2,5,5,6,5,7,5,4,5,7,7,3,2,2,3,4,2,4,2,3,4,5,5,4,4,5,4,5,5,4,5,3,5,4,5,5,4,4,4,2,5,5,3,4,4,4,5,6,7,6,3,6,7,5,2,5,6,6,3,5,7,4,7,7,5,5,3,temps 1,,,,3.2,3.8,5.75,2.9,4.46153846153846,4.15384615384615,5.3125
2spvl10,expérimental,fille,16,5,4,5,4,5,4,4,4,4,5,5,5,4,5,5,5,5,5,4,4,1,2,1,2,1,3,1,4,4,2,4,4,1,3,2,2,2,3,2,3,2,2,3,2,2,2,4,4,2,3,4,1,3,4,3,3,1,1,1,1,1,3,4,1,1,1,1,1,1,4,6,6,7,6,6,6,7,1,6,6,2,6,6,2,2,5,1,4,3,temps 1,,,,4.55,1.4,2.875,2.4,2.84615384615385,1.38461538461538,4.9375
2spvl11,expérimental,garçon,16,5,5,4,4,4,5,5,4,4,3,5,5,5,5,5,4,5,4,5,5,1,2,2,3,3,7,7,6,2,2,7,6,1,4,2,2,3,2,3,1,3,3,1,5,5,4,4,4,4,5,4,5,4,4,4,5,5,4,5,5,4,2,5,5,2,5,5,4,4,5,5,5,3,6,6,6,7,1,2,2,6,4,3,2,2,6,4,3,4,temps 1,,,,4.55,2.2,4.75,2.4,4.38461538461539,4.23076923076923,4.0625
2spvl12,expérimental,garçon,16,5,5,4,5,4,4,4,4,4,4,3,4,5,4,3,4,4,4,5,5,4,4,5,5,2,6,4,6,4,4,6,7,5,3,3,3,2,3,3,4,3,4,2,5,4,3,5,4,3,5,4,4,5,5,5,3,5,5,5,4,5,5,4,5,4,5,5,4,4,4,7,4,7,4,7,1,7,1,4,7,4,7,7,7,7,5,2,3,4,temps 1,,,,4.2,4,5.25,3,4.23076923076923,4.61538461538462,5.3125
2spvl13,expérimental,fille,16,3,3,4,1,3,3,5,2,3,3,4,4,5,3,5,5,5,5,3,3,2,1,5,5,5,4,1,3,1,1,1,5,1,1,2,2,3,4,4,4,4,4,4,5,5,5,5,1,3,5,2,3,1,3,1,5,4,5,5,3,1,4,1,1,3,1,1,1,1,1,1,7,4,7,7,7,7,1,7,7,7,1,7,1,7,1,5,1,5,temps 1,,,,3.6,3.6,2.125,3.2,3.38461538461538,2.38461538461538,4.9375
2spvl14,expérimental,fille,15,3,2,4,5,5,4,2,3,5,3,3,4,3,2,4,3,5,4,4,5,3,4,2,1,2,1,1,7,5,1,4,5,1,2,3,2,2,3,2,3,2,2,3,5,2,4,5,2,3,3,2,3,2,3,2,2,2,3,4,4,4,1,4,2,4,2,4,2,2,1,6,6,7,1,2,1,1,3,1,1,4,3,3,4,1,2,1,3,1,temps 1,,,,3.65,2.4,3.125,2.4,2.92307692307692,2.92307692307692,2.8125
2spvl15,expérimental,garçon,15,4,3,5,2,1,3,4,1,1,3,2,3,2,4,1,2,4,4,5,5,3,2,5,5,2,3,1,5,7,1,4,6,7,2,1,4,3,4,4,3,3,3,4,4,3,2,5,4,1,3,3,1,2,2,4,2,3,5,5,5,2,2,3,4,5,4,3,3,4,4,1,7,7,1,7,7,7,1,4,4,7,1,7,4,7,5,3,2,2,temps 1,,,,2.95,3.4,4.25,3.1,2.76923076923077,3.69230769230769,4.75
2spvl17,expérimental,garçon,15,5,1,3,1,5,2,2,2,5,2,4,5,1,5,5,5,3,5,5,4,2,1,1,1,5,4,2,7,7,1,6,5,7,1,4,4,3,1,1,1,1,1,2,5,1,1,5,1,1,5,1,1,3,5,1,1,5,5,5,5,5,5,4,5,1,4,5,5,5,7,7,7,4,1,7,7,1,1,1,7,1,7,7,1,1,2,1,1,1,temps 1,,,,3.5,2,4.875,1.9,2.38461538461538,4.53846153846154,4.1875
2spvl18,expérimental,fille,17,5,5,5,5,4,5,2,4,5,4,4,5,5,5,5,5,5,5,5,4,4,4,4,1,2,6,4,6,7,6,5,7,7,4,4,3,3,4,3,3,2,2,3,5,1,5,5,5,4,4,5,5,5,4,4,5,5,5,5,5,5,3,2,4,5,5,5,5,4,4,7,7,7,5,7,7,4,6,6,7,4,5,7,1,7,4,3,3,2,temps 1,,,,4.6,3,6,3.1,4.38461538461539,4.46153846153846,5.6875
2spvl19,expérimental,fille,16,4,3,5,2,4,4,3,3,1,3,3,4,5,5,1,2,5,5,5,4,3,4,2,2,5,4,4,6,7,1,4,5,7,3,2,3,2,3,2,4,2,4,4,5,2,3,5,4,2,4,3,2,3,2,3,2,5,5,5,5,4,2,4,3,5,4,3,3,3,4,7,7,7,4,7,1,7,7,7,7,1,7,7,4,7,4,3,4,2,temps 1,,,,3.55,3.2,4.75,2.9,3.07692307692308,3.92307692307692,5.6875
2spvl21,expérimental,fille,16,1,2,4,3,5,4,1,1,5,4,5,5,5,4,5,5,5,5,4,5,1,2,4,1,5,6,5,4,1,1,2,2,4,2,3,1,2,3,3,3,3,4,4,5,5,5,5,3,3,5,5,3,3,4,4,5,4,5,4,5,4,2,5,4,2,3,5,4,5,1,1,1,7,1,2,2,6,2,2,2,5,3,3,5,5,7,5,3,3,temps 1,,,,3.9,2.6,3.125,2.8,4.23076923076923,4,3
2spvl22,expérimental,garçon,16,3,4,2,1,2,4,5,4,2,5,4,3,3,3,5,3,5,5,2,4,3,4,5,5,5,2,2,3,7,4,4,5,7,3,4,2,3,4,4,4,4,4,3,5,3,4,5,5,4,4,5,4,3,4,3,5,4,5,4,5,4,4,3,5,5,4,4,3,4,1,6,6,7,5,7,1,4,1,2,6,1,1,5,3,4,5,4,3,1,temps 1,,,,3.45,4.4,4.25,3.5,4.15384615384615,4.15384615384615,3.75
